{
    "About": "Über",
    "Help": "Hilfe",
    "Reading Files": "Lese Dateien",
    "Error!": "Fehler!",
    "reading:": "beim lesen von",
    "First Use": "Erstbenutzung",
    "No songfiles found!": "Keine Dateien gefunden.</br>",
    " Please add ": "Bitte ",
    " files to:": "-Dateien hier hinzufügen:",
    "An Example Package can be found here: ": "Ein Paket mit Beispiel Dateien findet sich hier:</br>",
    "unzip it and copy .xml files in /songs to /media/internal/MySongBook": "dies muss entpackt und die .xml Dateien aus /songs nach /media/internal/MySongBook kopiert werden.",
    
    "Preferences": "Einstellungen",
    "General Settings": "Allgemeine Einstellungen",
    "Display Settings": "Anzeige Einstellungen",
    "Sort Lyric": "Sortiere Lyrics nach Ablauf (z.B. Str1 - Refr - Str2 - Refr...)",
    "yes": "ja",
    "no": "nein",
    "Show in bottom toolbar:": "Zeige in der unteren Leiste:", 
    "copyright": "Copyright",
    "author": "Autor",
    "publisher": "Herausgeber",
    "Done": "Fertig",
    "Show Chords": "Zeige Akkorde wenn verfügbar",
    "Show Comments": "Zeige Kommentare",
    "Show elementname (e.g. Verse 1) as Headline": "Zeige den Elementnamen (z.B. Strophe 1) als Überschrift an",
    
    "Font Settings": "Schrift Einstellungen",
    "Font size:": "Schriftgröße",
    "small": "klein",
    "medium": "mittel",
    "large": "groß",
    "very large": "riesig",
    "Line spacing:": "Zeilenabstand",
    
    "Song List": "Liedliste",
    
    "v": "Strophe",
    "c": "Refrain",
    "e": "Coda",
    "b": "Bridge",
    "p": "Pre-Refrain",
    
    "nolyrics": "Es konnten keine Liedtexte ausgelesen werden",
    "wrongversion": "Diese Lied kann nicht ausgelesen werden,</br>da es in der falschen Version von Openlyrics codiert ist.</br>Bitte verwenden sie nur Lieder in der Version 0.8.",
    "nocopyright": "Kein Copyright angegeben",
    "noauthor": "Kein Autor angegeben",
    "nopublisher": "Kein Herausgeber angegeben",
    
    "music:": "Musik: ",
    "words:": "Text: ",
    "translation": "Übers",
    "music": "Musik",
    "words": "Text",
    "title": "Titel",
    
    "Song Info": "Informationen zum Lied",
    "Author(s)": "Autor(en)",
    "key: ": "Tonart: ",
    "tempo": "Tempo",
    "Song": "Lied",
    
    "Manage Lists": "Listen verwalten", 
    "New List": "Neue Liste", 
    "Listname": "Listenname",
    "Enter listname": "Listenname eingeben",
    "Save": "Speichern",
    "Cancel": "Abbrechen",
    "Add to list": "Zur Liste hinzuf.",
    "Cancel ": "Abbr.",
    "Delete": "Löschen",
    "Close": "Schliessen",
    "No List": "Keine Liste verfügbar",
    "Please define a List": "Bitte eine Liste erstellen",
    "Name already exist": "Name existiert bereits",
    
    "Welcome to MySongBook": "Willkommen zu MySongBook",
    "MySongBook is an App to display Songs in ": "MySongBook ist ein App, dass Lieder im ",
    " from the internal storage of your device.": ", die auf dem Gerät gespeichert sind anzeigt.",
    " You can create custom lists of songs to display.": " Es können eigenen Liedlisten angelegt werden.",
    "Icon Guide": "Symbol Leitfaden",
    "Main View": "Hauptfenster",
    "Transposer": "Transponierer",
    "prevents the screen from dimming or turning off": "Verhindert, dass der Bildschirm abblendet oder ausgeht",
    "change fontsize and linespacing": "Schriftgröße und Zeilenabstand verändern",
    "scrolls lyrics back depending on verseorder": "Scrollt die Liedtexte nach der angegebenen Reihenfolge vorwärts",
    "scrolls lyrics forth depending on verseorder": "Scrollt die Liedtexte nach der angegebenen Reihenfolge rückwärts",
    "shows songinfo": "Zeigt Informationen zum Lied",
    "List Pane": "Listenfenster",
    "opens and closes searchwindow": "Öffnet und schliesst das Suche-Fenster",
    "searches in titles": "Sucht in Titeln",
    "searches in authors": "Sucht in Autoren",
    "searches in lyrics": "Sucht in Liedtexten",
    "opens listpicker": "Öffnet des Listen-Auswahl-Dialog",
    "toogles library": "Zeigt die Bibliothek an",
    "toogles custom list": "Zeigt die aktuelle eigene Liste an",
    "adds a new custom List": "Erstellt eine neue eigene Liste",
    "Gesture Guide": "",
    "Swipe to the right to open next song in list": "Nach Rechts wischen, um zum nächsten Lied in der aktuellen Liste zu springen",
    "Swipe to the left to open previous song in list": "Nach Links wischen, um zum vorherigen Lied in der aktuellen Liste zu springen",
    "Swipe an librarylist item to add it to the current custom list": "Ein Element aus der Bibliotheksliste wischen, um es zur aktuell gewählten Liste hinzuzufügen",
    "Swipe an custom list item to remove it from this list": "Ein Element aus der eigenen Liste wischen, um es aus der liste zu löschen",
    "Swipe a list to remove it": "Eine Liste wischen, um sie zu löschen"
}
