{
    "About": "Sobre",
    "Help": "Ayuda",
    "Reading Files": "Leyendo Archivos",
    "Error!": "Error!",
    "reading:": "Leyendo:",
    "First Use": "Primer Uso",
    "No songfiles found!": "No se encontraron archivos de canciones.</br>",
    " Please add ": "Por favor agregar ",
    " files to:": " archivos a:",
    "An Example Package can be found here: ": "Encuentre aquí un Paquete Ejemplo:</br>",
    "unzip it and copy .xml files in /songs to /media/internal/MySongBook": "descomprima y copie los archivos .xml a /songs en /media/internal/MySongBook",
    
    "Preferences": "Preferencias",
    "General Settings": "Configuración General",
    "Display Settings": "Configuración de Pantalla",
    "Sort Lyric": "Ordenar Letra",
    "yes": "si",
    "no": "no",
    "Show in bottom toolbar:": "Mostrar en barra de herramientas inferior:", 
    "copyright": "Derechos de Autor",
    "author": "Autor",
    "publisher": "Editor",
    "Done": "Listo",
    "Show Chords": "Mostrar Acordes",
    "Show Comments": "Mostrar Comentarios",
    "Show elementname (e.g. Verse 1) as Headline": "Mostrar nombre de elemento (ej. Verso 1) como título",
    
    "Font Settings": "Configuración de Fuente",
    "Font size:": "Tamaño de Fuente",
    "small": "pequeña",
    "medium": "mediana",
    "large": "grande",
    "very large": "bastante grande",
    "Line spacing:": "Espacio entre líneas",
    
    "Song List": "Lista de Canciones",
    
    "v": "Verso",
    "c": "Coro",
    "e": "Final",
    "b": "Puente",
    "p": "Pre-Coro",
    
    "nolyrics": "No se encuentra la letra",
    "wrongversion": "Versión Incompatible",
    "nocopyright": "No se encuentran Derechos de Autor",
    "noauthor": "No se encuentra autor",
    "nopublisher": "No se encuentra editor",
    
    "music:": "música: ",
    "words:": "letras: ",
    "translation:": "traducción:",
    "music": "música",
    "words": "letras",
    "title": "título",
    
    "Song Info": "Información de Canción",
    "Author(s)": "Autor(es)",
    "key: ": "Nota: ",
    "tempo": "Tiempo",
    "Song": "Canción",
    
    "Manage Lists": "Administrar Lista", 
    "New List": "Nueva Lista", 
    "Listname": "Nombre de lista",
    "Enter listname": "Introduzca nombre de lista",
    "Save": "Guardar",
    "Cancel": "Cancelar",
    "Add to list": "Añadir a lista.",
    "Cancel ": "Cancelar.",
    "Delete": "Borrar",
    "Close": "Cerrar",
    "No List": "No se encuentra lista",
    "Please define a List": "Por favor defina una lista",
    "Name already exist": "Ya existe ese nombre",
    
    "Welcome to MySongBook": "Bienvenido a MySongBook",
    "MySongBook is an App to display Songs in ": "MySongBook es una aplicación para mostrar Canciones ",
    " from the internal storage of your device.": ", de la memoria interna de su dispositivo.",
    " You can create custom lists of songs to display.": " Puedes crear listas personalizadas de canciones a mostrar.",
    "Icon Guide": "Guía de Iconos",
    "Main View": "Vista Principal",
    "Transposer": "Baja/Sube Tono",
    "prevents the screen from dimming or turning off": "Previene que la pantalla se opaque o apague",
    "change fontsize and linespacing": "cambia tamaño de fuente y entrelineado",
    "scrolls lyrics back depending on verseorder": "despliega la letra atrás dependiendo del orden de los versos",
    "scrolls lyrics forth depending on verseorder": "despliega la letra adelante dependiendo del orden de los versos",
    "shows songinfo": "muestra información de canción",
    "List Pane": "Panel de Lista",
    "opens and closes searchwindow": "abre y cierra ventana de busqueda",
    "searches in titles": "busca en títulos",
    "searches in authors": "busca en autores",
    "searches in lyrics": "busca en letras",
    "opens listpicker": "abre selector de lista",
    "toogles library": "activa librería",
    "toogles custom list": "activa lista personalizada",
    "adds a new custom List": "agrega una lista personalizada nueva",
    "Gesture Guide": "Guía de Gestos",
    "Swipe to the right to open next song in list": "Desliza a la derecha para abrir la próxima canción de la lista",
    "Swipe to the leftt to open previous song in list": "Desliza a la izquierda para abrir la canción previa de la lista",
    "Swipe an librarylist item to add it to the current custom list": "Desliza un item en lista de librería para añadirla a la actual lista personalizada",
    "Swipe an custom list item to remove it from this list": "Desliza un item en lista personalizada para removerla de esta lista",
    "Swipe a list to remove it": "Desliza la lista para removerla"
}
