{
  "sortLyric": true,
  "showinToolbar": "copyright",
  "savedLists": [{"title":"Test","content":[{"path":"../data/test.xml","title":"Amazing Grace"},{"path":"../data/Ehrfurcht_bleibt.xml","title":"Ehrfurcht bleibt"}]} , {"title": "Test it", "content": []}, {"title": "Test2", "content": []}],
  "customList": {"title":"Test","content":[{"path":"../data/test.xml","title":"Amazing Grace"},{"path":"../data/Ehrfurcht_bleibt.xml","title":"Ehrfurcht bleibt"}]},
  "css": {"size": "100%", "space": "140%"},
  "showChords": true,
  "showComments": true,
  "showHeadline": false,
  "testing": true,
  "returnValue": true
}
